0,53832,Product replacement or account refund processed,Complete,Rejected
1,30050,Product replacement or account refund processed,Complete,Rejected
2,20103,Product replacement or account refund processed,Complete,Rejected
3,39251,Product replacement or account refund processed,Complete,Rejected
4,77161,Product replacement or account refund processed,Complete,Rejected
5,58342,Product replacement or account refund processed,Complete,Rejected
6,22190,Product replacement or account refund processed,Complete,Rejected
7,95039,Product replacement or account refund processed,Complete,Rejected
8,33593,Product replacement or account refund processed,Complete,Rejected
9,57936,Product replacement or account refund processed,Complete,Rejected
10,2180,Product replacement or account refund processed,Complete,Rejected
11,11103,Product replacement or account refund processed,Complete,Rejected
12,6877,Product replacement or account refund processed,Complete,Rejected
13,25093,Product replacement or account refund processed,Complete,Rejected
14,5625,Product replacement or account refund processed,Complete,Rejected
15,79772,Product replacement or account refund processed,Complete,Rejected
16,30718,Product replacement or account refund processed,Complete,Rejected
17,20560,Product replacement or account refund processed,Complete,Rejected
18,21815,Product replacement or account refund processed,Complete,Rejected
19,7290,Product replacement or account refund processed,Complete,Rejected
20,63678,Product replacement or account refund processed,Complete,Rejected
21,53107,Product replacement or account refund processed,Complete,Rejected
22,10658,Product replacement or account refund processed,Complete,Rejected
23,1488,Product replacement or account refund processed,Complete,Rejected
24,3874,Product replacement or account refund processed,Complete,Rejected
25,19141,Product replacement or account refund processed,Complete,Rejected
26,23671,Product replacement or account refund processed,Complete,Rejected
27,78944,Product replacement or account refund processed,Complete,Rejected
28,61997,Product replacement or account refund processed,Complete,Rejected
29,54027,Product replacement or account refund processed,Complete,Rejected
30,10115,Product replacement or account refund processed,Complete,Rejected
31,56001,Product replacement or account refund processed,Complete,Rejected
32,38951,Product replacement or account refund processed,Complete,Rejected
33,44518,Product replacement or account refund processed,Complete,Rejected
34,28296,Product replacement or account refund processed,Complete,Rejected
35,92459,Product replacement or account refund processed,Complete,Rejected
36,53845,Product replacement or account refund processed,Complete,Rejected
37,77252,Product replacement or account refund processed,Complete,Rejected
38,51156,Product replacement or account refund processed,Complete,Rejected
39,82054,Product replacement or account refund processed,Complete,Rejected
40,41330,Product replacement or account refund processed,Complete,Rejected
41,78500,Product replacement or account refund processed,Complete,Rejected
42,46754,Product replacement or account refund processed,Complete,Rejected
43,76845,Product replacement or account refund processed,Complete,Rejected
44,39796,Product replacement or account refund processed,Complete,Rejected
45,87286,Product replacement or account refund processed,Complete,Rejected
46,67013,Product replacement or account refund processed,Complete,Rejected
47,70761,Product replacement or account refund processed,Complete,Rejected
48,21250,Product replacement or account refund processed,Complete,Rejected
49,19545,Product replacement or account refund processed,Complete,Rejected
50,92759,Product replacement or account refund processed,Complete,Rejected
51,91826,Product replacement or account refund processed,Complete,Rejected
52,38233,Product replacement or account refund processed,Complete,Rejected
53,51490,Product replacement or account refund processed,Complete,Rejected
54,4494,Product replacement or account refund processed,Complete,Rejected
55,31758,Product replacement or account refund processed,Complete,Rejected
56,53353,Product replacement or account refund processed,Complete,Rejected
57,99079,Product replacement or account refund processed,Complete,Rejected
58,58595,Product replacement or account refund processed,Complete,Rejected
59,78996,Product replacement or account refund processed,Complete,Rejected
60,1974,Product replacement or account refund processed,Complete,Rejected
61,92731,Product replacement or account refund processed,Complete,Rejected
62,62058,Product replacement or account refund processed,Complete,Rejected
63,90832,Product replacement or account refund processed,Complete,Rejected
64,56863,Product replacement or account refund processed,Complete,Rejected
65,57412,Product replacement or account refund processed,Complete,Rejected
66,44439,Product replacement or account refund processed,Complete,Rejected
67,60646,Product replacement or account refund processed,Complete,Rejected
68,42705,Product replacement or account refund processed,Complete,Rejected
69,19033,Product replacement or account refund processed,Complete,Rejected
70,27588,Product replacement or account refund processed,Complete,Rejected
71,5953,Product replacement or account refund processed,Complete,Rejected
72,72871,Product replacement or account refund processed,Complete,Rejected
73,6662,Product replacement or account refund processed,Complete,Rejected
74,16437,Product replacement or account refund processed,Complete,Rejected
75,60680,Product replacement or account refund processed,Complete,Rejected
76,37038,Product replacement or account refund processed,Complete,Rejected
77,33184,Product replacement or account refund processed,Complete,Rejected
78,67730,Product replacement or account refund processed,Complete,Rejected
79,84365,Product replacement or account refund processed,Complete,Rejected
80,76875,Product replacement or account refund processed,Complete,Rejected
81,61071,Product replacement or account refund processed,Complete,Rejected
82,68894,Product replacement or account refund processed,Complete,Rejected
83,96951,Product replacement or account refund processed,Complete,Rejected
84,66679,Product replacement or account refund processed,Complete,Rejected
85,6643,Product replacement or account refund processed,Complete,Rejected
86,26084,Product replacement or account refund processed,Complete,Rejected
87,2876,Product replacement or account refund processed,Complete,Rejected
88,60908,Product replacement or account refund processed,Complete,Rejected
89,22,Product replacement or account refund processed,Complete,Rejected
90,93978,Product replacement or account refund processed,Complete,Rejected
91,84787,Product replacement or account refund processed,Complete,Rejected
92,45934,Product replacement or account refund processed,Complete,Rejected
93,26733,Product replacement or account refund processed,Complete,Rejected
94,38144,Product replacement or account refund processed,Complete,Rejected
95,91746,Product replacement or account refund processed,Complete,Rejected
96,42862,Product replacement or account refund processed,Complete,Rejected
97,68042,Product replacement or account refund processed,Complete,Rejected
98,70173,Product replacement or account refund processed,Complete,Rejected
99,19840,Product replacement or account refund processed,Complete,Rejected
100,24231,Product replacement or account refund processed,Complete,Rejected
101,78341,Product replacement or account refund processed,Complete,Rejected
102,81631,Product replacement or account refund processed,Complete,Rejected
103,49535,Product replacement or account refund processed,Complete,Rejected
104,57999,Product replacement or account refund processed,Complete,Rejected
105,9982,Product replacement or account refund processed,Complete,Rejected
106,14164,Product replacement or account refund processed,Complete,Rejected
107,33517,Product replacement or account refund processed,Complete,Rejected
108,43831,Product replacement or account refund processed,Complete,Rejected
109,75534,Product replacement or account refund processed,Complete,Rejected
110,44216,Product replacement or account refund processed,Complete,Rejected
111,83977,Product replacement or account refund processed,Complete,Rejected
112,81554,Product replacement or account refund processed,Complete,Rejected
113,50838,Product replacement or account refund processed,Complete,Rejected
114,82379,Product replacement or account refund processed,Complete,Rejected
115,5921,Product replacement or account refund processed,Complete,Rejected
116,62742,Product replacement or account refund processed,Complete,Rejected
117,19820,Product replacement or account refund processed,Complete,Rejected
118,6344,Product replacement or account refund processed,Complete,Rejected
119,9124,Product replacement or account refund processed,Complete,Rejected
120,14646,Product replacement or account refund processed,Complete,Rejected
121,14153,Product replacement or account refund processed,Complete,Rejected
122,74353,Product replacement or account refund processed,Complete,Rejected
123,77364,Product replacement or account refund processed,Complete,Rejected
124,93880,Product replacement or account refund processed,Complete,Rejected
125,79024,Product replacement or account refund processed,Complete,Rejected
126,86671,Product replacement or account refund processed,Complete,Rejected
127,16842,Product replacement or account refund processed,Complete,Rejected
128,53559,Product replacement or account refund processed,Complete,Rejected
129,43192,Product replacement or account refund processed,Complete,Rejected
130,80572,Product replacement or account refund processed,Complete,Rejected
131,65467,Product replacement or account refund processed,Complete,Rejected
132,2862,Product replacement or account refund processed,Complete,Rejected
133,54262,Product replacement or account refund processed,Complete,Rejected
134,78400,Product replacement or account refund processed,Complete,Rejected
135,76630,Product replacement or account refund processed,Complete,Rejected
136,46065,Product replacement or account refund processed,Complete,Rejected
137,22679,Product replacement or account refund processed,Complete,Rejected
138,63694,Product replacement or account refund processed,Complete,Rejected
139,58040,Product replacement or account refund processed,Complete,Rejected
140,52582,Product replacement or account refund processed,Complete,Rejected
141,61849,Product replacement or account refund processed,Complete,Rejected
142,69256,Product replacement or account refund processed,Complete,Rejected
143,7471,Product replacement or account refund processed,Complete,Rejected
144,79018,Product replacement or account refund processed,Complete,Rejected
145,31111,Product replacement or account refund processed,Complete,Rejected
146,82985,Product replacement or account refund processed,Complete,Rejected
147,66201,Product replacement or account refund processed,Complete,Rejected
148,14373,Product replacement or account refund processed,Complete,Rejected
149,63727,Product replacement or account refund processed,Complete,Rejected
150,47833,Product replacement or account refund processed,Complete,Rejected
151,19759,Product replacement or account refund processed,Complete,Rejected
152,91130,Product replacement or account refund processed,Complete,Rejected
153,62216,Product replacement or account refund processed,Complete,Rejected
154,67889,Product replacement or account refund processed,Complete,Rejected
155,96020,Product replacement or account refund processed,Complete,Rejected
156,35350,Product replacement or account refund processed,Complete,Rejected
157,23149,Product replacement or account refund processed,Complete,Rejected
158,80726,Product replacement or account refund processed,Complete,Rejected
159,96601,Product replacement or account refund processed,Complete,Rejected
160,92656,Product replacement or account refund processed,Complete,Rejected
161,63196,Product replacement or account refund processed,Complete,Rejected
162,55639,Product replacement or account refund processed,Complete,Rejected
163,67868,Product replacement or account refund processed,Complete,Rejected
164,12073,Product replacement or account refund processed,Complete,Rejected
165,30056,Product replacement or account refund processed,Complete,Rejected
166,44839,Product replacement or account refund processed,Complete,Rejected
167,56835,Product replacement or account refund processed,Complete,Rejected
168,2941,Product replacement or account refund processed,Complete,Rejected
169,33696,Product replacement or account refund processed,Complete,Rejected
170,68526,Product replacement or account refund processed,Complete,Rejected
171,54454,Product replacement or account refund processed,Complete,Rejected
172,60325,Product replacement or account refund processed,Complete,Rejected
173,45188,Product replacement or account refund processed,Complete,Rejected
174,85522,Product replacement or account refund processed,Complete,Rejected
175,83493,Product replacement or account refund processed,Complete,Rejected
176,53532,Product replacement or account refund processed,Complete,Rejected
177,88132,Product replacement or account refund processed,Complete,Rejected
178,1765,Product replacement or account refund processed,Complete,Rejected
179,48040,Product replacement or account refund processed,Complete,Rejected
180,70515,Product replacement or account refund processed,Complete,Rejected
181,11347,Product replacement or account refund processed,Complete,Rejected
182,85926,Product replacement or account refund processed,Complete,Rejected
183,694,Product replacement or account refund processed,Complete,Rejected
184,13182,Product replacement or account refund processed,Complete,Rejected
185,35107,Product replacement or account refund processed,Complete,Rejected
186,52385,Product replacement or account refund processed,Complete,Rejected
187,98353,Product replacement or account refund processed,Complete,Rejected
188,70543,Product replacement or account refund processed,Complete,Rejected
189,92178,Product replacement or account refund processed,Complete,Rejected
190,21583,Product replacement or account refund processed,Complete,Rejected
191,41819,Product replacement or account refund processed,Complete,Rejected
192,924,Product replacement or account refund processed,Complete,Rejected
193,83767,Product replacement or account refund processed,Complete,Rejected
194,73595,Product replacement or account refund processed,Complete,Rejected
195,20987,Product replacement or account refund processed,Complete,Rejected
196,89018,Product replacement or account refund processed,Complete,Rejected
197,84807,Product replacement or account refund processed,Complete,Rejected
198,3185,Product replacement or account refund processed,Complete,Rejected
199,41068,Product replacement or account refund processed,Complete,Rejected
200,81541,Product replacement or account refund processed,Complete,Rejected
201,64842,Product replacement or account refund processed,Complete,Rejected
202,81649,Product replacement or account refund processed,Complete,Rejected
203,1344,Product replacement or account refund processed,Complete,Rejected
204,53145,Product replacement or account refund processed,Complete,Rejected
205,50998,Product replacement or account refund processed,Complete,Rejected
206,44788,Product replacement or account refund processed,Complete,Rejected
207,45885,Product replacement or account refund processed,Complete,Rejected
208,6837,Product replacement or account refund processed,Complete,Rejected
209,30360,Product replacement or account refund processed,Complete,Rejected
210,40896,Product replacement or account refund processed,Complete,Rejected
211,68266,Product replacement or account refund processed,Complete,Rejected
212,13803,Product replacement or account refund processed,Complete,Rejected
213,58675,Product replacement or account refund processed,Complete,Rejected
214,67952,Product replacement or account refund processed,Complete,Rejected
215,65299,Product replacement or account refund processed,Complete,Rejected
216,99673,Product replacement or account refund processed,Complete,Rejected
217,46574,Product replacement or account refund processed,Complete,Rejected
218,24693,Product replacement or account refund processed,Complete,Rejected
219,26343,Product replacement or account refund processed,Complete,Rejected
220,55596,Product replacement or account refund processed,Complete,Rejected
221,81568,Product replacement or account refund processed,Complete,Rejected
222,90622,Product replacement or account refund processed,Complete,Rejected
223,67135,Product replacement or account refund processed,Complete,Rejected
224,24163,Product replacement or account refund processed,Complete,Rejected
225,42680,Product replacement or account refund processed,Complete,Rejected
226,50714,Product replacement or account refund processed,Complete,Rejected
227,24108,Product replacement or account refund processed,Complete,Rejected
228,34149,Product replacement or account refund processed,Complete,Rejected
229,41392,Product replacement or account refund processed,Complete,Rejected
230,53906,Product replacement or account refund processed,Complete,Rejected
231,5281,Product replacement or account refund processed,Complete,Rejected
232,89136,Product replacement or account refund processed,Complete,Rejected
233,40468,Product replacement or account refund processed,Complete,Rejected
234,41762,Product replacement or account refund processed,Complete,Rejected
235,70379,Product replacement or account refund processed,Complete,Rejected
236,40115,Product replacement or account refund processed,Complete,Rejected
237,90150,Product replacement or account refund processed,Complete,Rejected
238,55458,Product replacement or account refund processed,Complete,Rejected
239,26119,Product replacement or account refund processed,Complete,Rejected
240,49292,Product replacement or account refund processed,Complete,Rejected
241,40934,Product replacement or account refund processed,Complete,Rejected
242,41124,Product replacement or account refund processed,Complete,Rejected
243,48946,Product replacement or account refund processed,Complete,Rejected
244,87574,Product replacement or account refund processed,Complete,Rejected
245,41411,Product replacement or account refund processed,Complete,Rejected
246,53564,Product replacement or account refund processed,Complete,Rejected
247,13134,Product replacement or account refund processed,Complete,Rejected
248,85055,Product replacement or account refund processed,Complete,Rejected
249,86126,Product replacement or account refund processed,Complete,Rejected
250,26384,Product replacement or account refund processed,Complete,Rejected
251,42530,Product replacement or account refund processed,Complete,Rejected
252,48589,Product replacement or account refund processed,Complete,Rejected
253,54935,Product replacement or account refund processed,Complete,Rejected
254,83775,Product replacement or account refund processed,Complete,Rejected
255,65603,Product replacement or account refund processed,Complete,Rejected
256,57558,Product replacement or account refund processed,Complete,Rejected
257,43015,Product replacement or account refund processed,Complete,Rejected
258,47153,Product replacement or account refund processed,Complete,Rejected
259,1509,Product replacement or account refund processed,Complete,Rejected
260,93268,Product replacement or account refund processed,Complete,Rejected
261,15406,Product replacement or account refund processed,Complete,Rejected
262,7760,Product replacement or account refund processed,Complete,Rejected
263,25255,Product replacement or account refund processed,Complete,Rejected
264,86313,Product replacement or account refund processed,Complete,Rejected
265,7179,Product replacement or account refund processed,Complete,Rejected
266,11443,Product replacement or account refund processed,Complete,Rejected
267,55343,Product replacement or account refund processed,Complete,Rejected
268,32678,Product replacement or account refund processed,Complete,Rejected
269,15780,Product replacement or account refund processed,Complete,Rejected
270,68084,Product replacement or account refund processed,Complete,Rejected
271,62731,Product replacement or account refund processed,Complete,Rejected
272,46426,Product replacement or account refund processed,Complete,Rejected
273,94642,Product replacement or account refund processed,Complete,Rejected
274,42312,Product replacement or account refund processed,Complete,Rejected
275,46279,Product replacement or account refund processed,Complete,Rejected
276,85363,Product replacement or account refund processed,Complete,Rejected
277,54379,Product replacement or account refund processed,Complete,Rejected
278,10102,Product replacement or account refund processed,Complete,Rejected
279,81497,Product replacement or account refund processed,Complete,Rejected
280,16197,Product replacement or account refund processed,Complete,Rejected
281,31460,Product replacement or account refund processed,Complete,Rejected
282,58865,Product replacement or account refund processed,Complete,Rejected
283,49044,Product replacement or account refund processed,Complete,Rejected
284,44314,Product replacement or account refund processed,Complete,Rejected
285,77920,Product replacement or account refund processed,Complete,Rejected
286,63854,Product replacement or account refund processed,Complete,Rejected
287,98088,Product replacement or account refund processed,Complete,Rejected
288,59591,Product replacement or account refund processed,Complete,Rejected
289,68676,Product replacement or account refund processed,Complete,Rejected
290,33874,Product replacement or account refund processed,Complete,Rejected
291,33174,Product replacement or account refund processed,Complete,Rejected
292,30877,Product replacement or account refund processed,Complete,Rejected
293,5404,Product replacement or account refund processed,Complete,Rejected
294,83701,Product replacement or account refund processed,Complete,Rejected
295,2177,Product replacement or account refund processed,Complete,Rejected
296,47719,Product replacement or account refund processed,Complete,Rejected
297,45377,Product replacement or account refund processed,Complete,Rejected
298,83389,Product replacement or account refund processed,Complete,Rejected
299,22100,Product replacement or account refund processed,Complete,Rejected
300,35575,Product replacement or account refund processed,Complete,Rejected
301,23838,Product replacement or account refund processed,Complete,Rejected
302,88160,Product replacement or account refund processed,Complete,Rejected
303,75600,Product replacement or account refund processed,Complete,Rejected
304,73869,Product replacement or account refund processed,Complete,Rejected
305,33327,Product replacement or account refund processed,Complete,Rejected
306,4209,Product replacement or account refund processed,Complete,Rejected
307,93511,Product replacement or account refund processed,Complete,Rejected
308,18811,Product replacement or account refund processed,Complete,Rejected
309,10784,Product replacement or account refund processed,Complete,Rejected
310,96794,Product replacement or account refund processed,Complete,Rejected
311,8741,Product replacement or account refund processed,Complete,Rejected
312,18453,Product replacement or account refund processed,Complete,Rejected
313,840,Product replacement or account refund processed,Complete,Rejected
314,97003,Product replacement or account refund processed,Complete,Rejected
315,78070,Product replacement or account refund processed,Complete,Rejected
316,19266,Product replacement or account refund processed,Complete,Rejected
317,46998,Product replacement or account refund processed,Complete,Rejected
318,59941,Product replacement or account refund processed,Complete,Rejected
319,24051,Product replacement or account refund processed,Complete,Rejected
320,99060,Product replacement or account refund processed,Complete,Rejected
321,69622,Product replacement or account refund processed,Complete,Rejected
322,31674,Product replacement or account refund processed,Complete,Rejected
323,88214,Product replacement or account refund processed,Complete,Rejected
324,55319,Product replacement or account refund processed,Complete,Rejected
325,89936,Product replacement or account refund processed,Complete,Rejected
326,89044,Product replacement or account refund processed,Complete,Rejected
327,50358,Product replacement or account refund processed,Complete,Rejected
328,32668,Product replacement or account refund processed,Complete,Rejected
329,52698,Product replacement or account refund processed,Complete,Rejected
330,43111,Product replacement or account refund processed,Complete,Rejected
331,96620,Product replacement or account refund processed,Complete,Rejected
332,24370,Product replacement or account refund processed,Complete,Rejected
333,58185,Product replacement or account refund processed,Complete,Rejected
334,59823,Product replacement or account refund processed,Complete,Rejected
335,70197,Product replacement or account refund processed,Complete,Rejected
336,18437,Product replacement or account refund processed,Complete,Rejected
337,69650,Product replacement or account refund processed,Complete,Rejected
338,79739,Product replacement or account refund processed,Complete,Rejected
339,88959,Product replacement or account refund processed,Complete,Rejected
340,7890,Product replacement or account refund processed,Complete,Rejected
341,60357,Product replacement or account refund processed,Complete,Rejected
342,94861,Product replacement or account refund processed,Complete,Rejected
343,21269,Product replacement or account refund processed,Complete,Rejected
344,78150,Product replacement or account refund processed,Complete,Rejected
345,7102,Product replacement or account refund processed,Complete,Rejected
346,69752,Product replacement or account refund processed,Complete,Rejected
347,17082,Product replacement or account refund processed,Complete,Rejected
348,3139,Product replacement or account refund processed,Complete,Rejected
349,79662,Product replacement or account refund processed,Complete,Rejected
350,15174,Product replacement or account refund processed,Complete,Rejected
351,16636,Product replacement or account refund processed,Complete,Rejected
352,88147,Product replacement or account refund processed,Complete,Rejected
353,83425,Product replacement or account refund processed,Complete,Rejected
354,96783,Product replacement or account refund processed,Complete,Rejected
355,64288,Product replacement or account refund processed,Complete,Rejected
356,15482,Product replacement or account refund processed,Complete,Rejected
357,55681,Product replacement or account refund processed,Complete,Rejected
358,14827,Product replacement or account refund processed,Complete,Rejected
359,59897,Product replacement or account refund processed,Complete,Rejected
360,14591,Product replacement or account refund processed,Complete,Rejected
361,14226,Product replacement or account refund processed,Complete,Rejected
362,97844,Product replacement or account refund processed,Complete,Rejected
363,12267,Product replacement or account refund processed,Complete,Rejected
364,15674,Product replacement or account refund processed,Complete,Rejected
365,27556,Product replacement or account refund processed,Complete,Rejected
366,93251,Product replacement or account refund processed,Complete,Rejected
367,96380,Product replacement or account refund processed,Complete,Rejected
368,53554,Product replacement or account refund processed,Complete,Rejected
369,95869,Product replacement or account refund processed,Complete,Rejected
370,36808,Product replacement or account refund processed,Complete,Rejected
371,88195,Product replacement or account refund processed,Complete,Rejected
372,2711,Product replacement or account refund processed,Complete,Rejected
373,17741,Product replacement or account refund processed,Complete,Rejected
374,72152,Product replacement or account refund processed,Complete,Rejected
375,54824,Product replacement or account refund processed,Complete,Rejected
376,57449,Product replacement or account refund processed,Complete,Rejected
377,47041,Product replacement or account refund processed,Complete,Rejected
378,13827,Product replacement or account refund processed,Complete,Rejected
379,43106,Product replacement or account refund processed,Complete,Rejected
380,7394,Product replacement or account refund processed,Complete,Rejected
381,59065,Product replacement or account refund processed,Complete,Rejected
382,19863,Product replacement or account refund processed,Complete,Rejected
383,25474,Product replacement or account refund processed,Complete,Rejected
384,16887,Product replacement or account refund processed,Complete,Rejected
385,41721,Product replacement or account refund processed,Complete,Rejected
386,29953,Product replacement or account refund processed,Complete,Rejected
387,84667,Product replacement or account refund processed,Complete,Rejected
388,35120,Product replacement or account refund processed,Complete,Rejected
389,50752,Product replacement or account refund processed,Complete,Rejected
390,66801,Product replacement or account refund processed,Complete,Rejected
391,63140,Product replacement or account refund processed,Complete,Rejected
392,36723,Product replacement or account refund processed,Complete,Rejected
393,54728,Product replacement or account refund processed,Complete,Rejected
394,79312,Product replacement or account refund processed,Complete,Rejected
395,25132,Product replacement or account refund processed,Complete,Rejected
396,94932,Product replacement or account refund processed,Complete,Rejected
397,50389,Product replacement or account refund processed,Complete,Rejected
398,39136,Product replacement or account refund processed,Complete,Rejected
399,25604,Product replacement or account refund processed,Complete,Rejected
400,53598,Product replacement or account refund processed,Complete,Rejected
401,46950,Product replacement or account refund processed,Complete,Rejected
402,81361,Product replacement or account refund processed,Complete,Rejected
403,33559,Product replacement or account refund processed,Complete,Rejected
404,22044,Product replacement or account refund processed,Complete,Rejected
405,13891,Product replacement or account refund processed,Complete,Rejected
406,5680,Product replacement or account refund processed,Complete,Rejected
407,31319,Product replacement or account refund processed,Complete,Rejected
408,50498,Product replacement or account refund processed,Complete,Rejected
409,42300,Product replacement or account refund processed,Complete,Rejected
410,63659,Product replacement or account refund processed,Complete,Rejected
411,17806,Product replacement or account refund processed,Complete,Rejected
412,72522,Product replacement or account refund processed,Complete,Rejected
413,1806,Product replacement or account refund processed,Complete,Rejected
414,68234,Product replacement or account refund processed,Complete,Rejected
415,48729,Product replacement or account refund processed,Complete,Rejected
416,4408,Product replacement or account refund processed,Complete,Rejected
417,88718,Product replacement or account refund processed,Complete,Rejected
418,76669,Product replacement or account refund processed,Complete,Rejected
419,13427,Product replacement or account refund processed,Complete,Rejected
420,28903,Product replacement or account refund processed,Complete,Rejected
421,32446,Product replacement or account refund processed,Complete,Rejected
422,51881,Product replacement or account refund processed,Complete,Rejected
423,25752,Product replacement or account refund processed,Complete,Rejected
424,23240,Product replacement or account refund processed,Complete,Rejected
425,64585,Product replacement or account refund processed,Complete,Rejected
426,41422,Product replacement or account refund processed,Complete,Rejected
427,10737,Product replacement or account refund processed,Complete,Rejected
428,50581,Product replacement or account refund processed,Complete,Rejected
429,22894,Product replacement or account refund processed,Complete,Rejected
430,65870,Product replacement or account refund processed,Complete,Rejected
431,11383,Product replacement or account refund processed,Complete,Rejected
432,27050,Product replacement or account refund processed,Complete,Rejected
433,95742,Product replacement or account refund processed,Complete,Rejected
434,73754,Product replacement or account refund processed,Complete,Rejected
435,34628,Product replacement or account refund processed,Complete,Rejected
436,93906,Product replacement or account refund processed,Complete,Rejected
437,77700,Product replacement or account refund processed,Complete,Rejected
438,82396,Product replacement or account refund processed,Complete,Rejected
439,4092,Product replacement or account refund processed,Complete,Rejected
440,30235,Product replacement or account refund processed,Complete,Rejected
441,92217,Product replacement or account refund processed,Complete,Rejected
442,78979,Product replacement or account refund processed,Complete,Rejected
443,9306,Product replacement or account refund processed,Complete,Rejected
444,33598,Product replacement or account refund processed,Complete,Rejected
445,43410,Product replacement or account refund processed,Complete,Rejected
446,34312,Product replacement or account refund processed,Complete,Rejected
447,6004,Product replacement or account refund processed,Complete,Rejected
448,54015,Product replacement or account refund processed,Complete,Rejected
449,58210,Product replacement or account refund processed,Complete,Rejected
450,12478,Product replacement or account refund processed,Complete,Rejected
451,62747,Product replacement or account refund processed,Complete,Rejected
452,62178,Product replacement or account refund processed,Complete,Rejected
453,26811,Product replacement or account refund processed,Complete,Rejected
454,81249,Product replacement or account refund processed,Complete,Rejected
455,62583,Product replacement or account refund processed,Complete,Rejected
456,94113,Product replacement or account refund processed,Complete,Rejected
457,39664,Product replacement or account refund processed,Complete,Rejected
458,96160,Product replacement or account refund processed,Complete,Rejected
459,66821,Product replacement or account refund processed,Complete,Rejected
460,4219,Product replacement or account refund processed,Complete,Rejected
461,86251,Product replacement or account refund processed,Complete,Rejected
462,67546,Product replacement or account refund processed,Complete,Rejected
463,42959,Product replacement or account refund processed,Complete,Rejected
464,23736,Product replacement or account refund processed,Complete,Rejected
465,61086,Product replacement or account refund processed,Complete,Rejected
466,86527,Product replacement or account refund processed,Complete,Rejected
467,91511,Product replacement or account refund processed,Complete,Rejected
468,49608,Product replacement or account refund processed,Complete,Rejected
469,77647,Product replacement or account refund processed,Complete,Rejected
470,6117,Product replacement or account refund processed,Complete,Rejected
471,30869,Product replacement or account refund processed,Complete,Rejected
472,42914,Product replacement or account refund processed,Complete,Rejected
473,73231,Product replacement or account refund processed,Complete,Rejected
474,69908,Product replacement or account refund processed,Complete,Rejected
475,62398,Product replacement or account refund processed,Complete,Rejected
476,76738,Product replacement or account refund processed,Complete,Rejected
477,24054,Product replacement or account refund processed,Complete,Rejected
478,34731,Product replacement or account refund processed,Complete,Rejected
479,87915,Product replacement or account refund processed,Complete,Rejected
480,61158,Product replacement or account refund processed,Complete,Rejected
481,37655,Product replacement or account refund processed,Complete,Rejected
482,59279,Product replacement or account refund processed,Complete,Rejected
483,22221,Product replacement or account refund processed,Complete,Rejected
484,57300,Product replacement or account refund processed,Complete,Rejected
485,43832,Product replacement or account refund processed,Complete,Rejected
486,91444,Product replacement or account refund processed,Complete,Rejected
487,75178,Product replacement or account refund processed,Complete,Rejected
488,9890,Product replacement or account refund processed,Complete,Rejected
489,24020,Product replacement or account refund processed,Complete,Rejected
490,58998,Product replacement or account refund processed,Complete,Rejected
491,38282,Product replacement or account refund processed,Complete,Rejected
492,29137,Product replacement or account refund processed,Complete,Rejected
493,84536,Product replacement or account refund processed,Complete,Rejected
494,83217,Product replacement or account refund processed,Complete,Rejected
495,62821,Product replacement or account refund processed,Complete,Rejected
496,31004,Product replacement or account refund processed,Complete,Rejected
497,12235,Product replacement or account refund processed,Complete,Rejected
498,28109,Product replacement or account refund processed,Complete,Rejected
499,81834,Product replacement or account refund processed,Complete,Rejected
500,73137,Product replacement or account refund processed,Complete,Rejected
501,57813,Product replacement or account refund processed,Complete,Rejected
502,26543,Product replacement or account refund processed,Complete,Rejected
503,71097,Product replacement or account refund processed,Complete,Rejected
504,73449,Product replacement or account refund processed,Complete,Rejected
505,42716,Product replacement or account refund processed,Complete,Rejected
506,22975,Product replacement or account refund processed,Complete,Rejected
507,50968,Product replacement or account refund processed,Complete,Rejected
508,68282,Product replacement or account refund processed,Complete,Rejected
509,74845,Product replacement or account refund processed,Complete,Rejected
510,42647,Product replacement or account refund processed,Complete,Rejected
511,12253,Product replacement or account refund processed,Complete,Rejected
512,88576,Product replacement or account refund processed,Complete,Rejected
513,88697,Product replacement or account refund processed,Complete,Rejected
514,48539,Product replacement or account refund processed,Complete,Rejected
515,491,Product replacement or account refund processed,Complete,Rejected
516,59955,Product replacement or account refund processed,Complete,Rejected
517,22600,Product replacement or account refund processed,Complete,Rejected
518,44277,Product replacement or account refund processed,Complete,Rejected
519,87803,Product replacement or account refund processed,Complete,Rejected
520,42458,Product replacement or account refund processed,Complete,Rejected
521,60922,Product replacement or account refund processed,Complete,Rejected
522,36643,Product replacement or account refund processed,Complete,Rejected
523,5205,Product replacement or account refund processed,Complete,Rejected
524,83293,Product replacement or account refund processed,Complete,Rejected
525,82948,Product replacement or account refund processed,Complete,Rejected
526,89929,Product replacement or account refund processed,Complete,Rejected
527,37152,Product replacement or account refund processed,Complete,Rejected
528,63641,Product replacement or account refund processed,Complete,Rejected
529,41465,Product replacement or account refund processed,Complete,Rejected
530,35162,Product replacement or account refund processed,Complete,Rejected
531,75045,Product replacement or account refund processed,Complete,Rejected
532,64234,Product replacement or account refund processed,Complete,Rejected
533,16710,Product replacement or account refund processed,Complete,Rejected
534,26694,Product replacement or account refund processed,Complete,Rejected
535,49597,Product replacement or account refund processed,Complete,Rejected
536,53295,Product replacement or account refund processed,Complete,Rejected
537,52065,Product replacement or account refund processed,Complete,Rejected
538,62326,Product replacement or account refund processed,Complete,Rejected
539,39042,Product replacement or account refund processed,Complete,Rejected
540,64296,Product replacement or account refund processed,Complete,Rejected
541,93421,Product replacement or account refund processed,Complete,Rejected
542,43721,Product replacement or account refund processed,Complete,Rejected
543,87230,Product replacement or account refund processed,Complete,Rejected
544,4913,Product replacement or account refund processed,Complete,Rejected
545,18518,Product replacement or account refund processed,Complete,Rejected
546,68632,Product replacement or account refund processed,Complete,Rejected
547,43223,Product replacement or account refund processed,Complete,Rejected
548,30855,Product replacement or account refund processed,Complete,Rejected
549,36074,Product replacement or account refund processed,Complete,Rejected
550,711,Product replacement or account refund processed,Complete,Rejected
551,75513,Product replacement or account refund processed,Complete,Rejected
552,84507,Product replacement or account refund processed,Complete,Rejected
553,12444,Product replacement or account refund processed,Complete,Rejected
554,71839,Product replacement or account refund processed,Complete,Rejected
555,4226,Product replacement or account refund processed,Complete,Rejected
556,47913,Product replacement or account refund processed,Complete,Rejected
557,85911,Product replacement or account refund processed,Complete,Rejected
558,16355,Product replacement or account refund processed,Complete,Rejected
559,73392,Product replacement or account refund processed,Complete,Rejected
560,93445,Product replacement or account refund processed,Complete,Rejected
561,45545,Product replacement or account refund processed,Complete,Rejected
562,15324,Product replacement or account refund processed,Complete,Rejected
563,11479,Product replacement or account refund processed,Complete,Rejected
564,47657,Product replacement or account refund processed,Complete,Rejected
565,60391,Product replacement or account refund processed,Complete,Rejected
566,82959,Product replacement or account refund processed,Complete,Rejected
567,37989,Product replacement or account refund processed,Complete,Rejected
568,75173,Product replacement or account refund processed,Complete,Rejected
569,76229,Product replacement or account refund processed,Complete,Rejected
570,88663,Product replacement or account refund processed,Complete,Rejected
571,10292,Product replacement or account refund processed,Complete,Rejected
572,70487,Product replacement or account refund processed,Complete,Rejected
573,37015,Product replacement or account refund processed,Complete,Rejected
574,42346,Product replacement or account refund processed,Complete,Rejected
575,54431,Product replacement or account refund processed,Complete,Rejected
576,74314,Product replacement or account refund processed,Complete,Rejected
577,10045,Product replacement or account refund processed,Complete,Rejected
578,13672,Product replacement or account refund processed,Complete,Rejected
579,47053,Product replacement or account refund processed,Complete,Rejected
580,5351,Product replacement or account refund processed,Complete,Rejected
581,15590,Product replacement or account refund processed,Complete,Rejected
582,23428,Product replacement or account refund processed,Complete,Rejected
583,81972,Product replacement or account refund processed,Complete,Rejected
584,42693,Product replacement or account refund processed,Complete,Rejected
585,65125,Product replacement or account refund processed,Complete,Rejected
586,74410,Product replacement or account refund processed,Complete,Rejected
587,82124,Product replacement or account refund processed,Complete,Rejected
588,55384,Product replacement or account refund processed,Complete,Rejected
589,46705,Product replacement or account refund processed,Complete,Rejected
590,71267,Product replacement or account refund processed,Complete,Rejected
591,1219,Product replacement or account refund processed,Complete,Rejected
592,47073,Product replacement or account refund processed,Complete,Rejected
593,13467,Product replacement or account refund processed,Complete,Rejected
594,93423,Product replacement or account refund processed,Complete,Rejected
595,64216,Product replacement or account refund processed,Complete,Rejected
596,77009,Product replacement or account refund processed,Complete,Rejected
597,71991,Product replacement or account refund processed,Complete,Rejected
598,57649,Product replacement or account refund processed,Complete,Rejected
599,70502,Product replacement or account refund processed,Complete,Rejected
600,86551,Product replacement or account refund processed,Complete,Rejected
601,23463,Product replacement or account refund processed,Complete,Rejected
602,67247,Product replacement or account refund processed,Complete,Rejected
603,56390,Product replacement or account refund processed,Complete,Rejected
604,71846,Product replacement or account refund processed,Complete,Rejected
605,75750,Product replacement or account refund processed,Complete,Rejected
606,94417,Product replacement or account refund processed,Complete,Rejected
607,50942,Product replacement or account refund processed,Complete,Rejected
608,54152,Product replacement or account refund processed,Complete,Rejected
609,68215,Product replacement or account refund processed,Complete,Rejected
610,31952,Product replacement or account refund processed,Complete,Rejected
611,83403,Product replacement or account refund processed,Complete,Rejected
612,53252,Product replacement or account refund processed,Complete,Rejected
613,97731,Product replacement or account refund processed,Complete,Rejected
614,18004,Product replacement or account refund processed,Complete,Rejected
615,82252,Product replacement or account refund processed,Complete,Rejected
616,57002,Product replacement or account refund processed,Complete,Rejected
617,67856,Product replacement or account refund processed,Complete,Rejected
618,26269,Product replacement or account refund processed,Complete,Rejected
619,33015,Product replacement or account refund processed,Complete,Rejected
620,99681,Product replacement or account refund processed,Complete,Rejected
621,41769,Product replacement or account refund processed,Complete,Rejected
622,68690,Product replacement or account refund processed,Complete,Rejected
623,70248,Product replacement or account refund processed,Complete,Rejected
624,43141,Product replacement or account refund processed,Complete,Rejected
625,15008,Product replacement or account refund processed,Complete,Rejected
626,72751,Product replacement or account refund processed,Complete,Rejected
627,32046,Product replacement or account refund processed,Complete,Rejected
628,85619,Product replacement or account refund processed,Complete,Rejected
629,17573,Product replacement or account refund processed,Complete,Rejected
630,9433,Product replacement or account refund processed,Complete,Rejected
631,36424,Product replacement or account refund processed,Complete,Rejected
632,34721,Product replacement or account refund processed,Complete,Rejected
633,36006,Product replacement or account refund processed,Complete,Rejected
634,23678,Product replacement or account refund processed,Complete,Rejected
635,81088,Product replacement or account refund processed,Complete,Rejected
636,31994,Product replacement or account refund processed,Complete,Rejected
637,77279,Product replacement or account refund processed,Complete,Rejected
638,68582,Product replacement or account refund processed,Complete,Rejected
639,2906,Product replacement or account refund processed,Complete,Rejected
640,300,Product replacement or account refund processed,Complete,Rejected
641,60419,Product replacement or account refund processed,Complete,Rejected
642,40525,Product replacement or account refund processed,Complete,Rejected
643,53670,Product replacement or account refund processed,Complete,Rejected
644,52580,Product replacement or account refund processed,Complete,Rejected
645,26940,Product replacement or account refund processed,Complete,Rejected
646,50980,Product replacement or account refund processed,Complete,Rejected
647,78642,Product replacement or account refund processed,Complete,Rejected
648,23115,Product replacement or account refund processed,Complete,Rejected
649,63683,Product replacement or account refund processed,Complete,Rejected
650,71661,Product replacement or account refund processed,Complete,Rejected
651,34519,Product replacement or account refund processed,Complete,Rejected
652,98016,Product replacement or account refund processed,Complete,Rejected
653,50588,Product replacement or account refund processed,Complete,Rejected
654,26400,Product replacement or account refund processed,Complete,Rejected
655,43518,Product replacement or account refund processed,Complete,Rejected
656,96391,Product replacement or account refund processed,Complete,Rejected
657,37061,Product replacement or account refund processed,Complete,Rejected
658,75357,Product replacement or account refund processed,Complete,Rejected
659,18822,Product replacement or account refund processed,Complete,Rejected
660,96484,Product replacement or account refund processed,Complete,Rejected
661,47395,Product replacement or account refund processed,Complete,Rejected
662,8761,Product replacement or account refund processed,Complete,Rejected
663,17897,Product replacement or account refund processed,Complete,Rejected
664,87715,Product replacement or account refund processed,Complete,Rejected
665,84831,Product replacement or account refund processed,Complete,Rejected
666,93211,Product replacement or account refund processed,Complete,Rejected
667,71478,Product replacement or account refund processed,Complete,Rejected
668,56544,Product replacement or account refund processed,Complete,Rejected
669,13118,Product replacement or account refund processed,Complete,Rejected
670,71933,Product replacement or account refund processed,Complete,Rejected
671,51064,Product replacement or account refund processed,Complete,Rejected
672,79456,Product replacement or account refund processed,Complete,Rejected
673,94101,Product replacement or account refund processed,Complete,Rejected
674,74487,Product replacement or account refund processed,Complete,Rejected
675,373,Product replacement or account refund processed,Complete,Rejected
676,25461,Product replacement or account refund processed,Complete,Rejected
677,25773,Product replacement or account refund processed,Complete,Rejected
678,24814,Product replacement or account refund processed,Complete,Rejected
679,50322,Product replacement or account refund processed,Complete,Rejected
680,93529,Product replacement or account refund processed,Complete,Rejected
681,10240,Product replacement or account refund processed,Complete,Rejected
682,92455,Product replacement or account refund processed,Complete,Rejected
683,95323,Product replacement or account refund processed,Complete,Rejected
684,42002,Product replacement or account refund processed,Complete,Rejected
685,28010,Product replacement or account refund processed,Complete,Rejected
686,85715,Product replacement or account refund processed,Complete,Rejected
687,88645,Product replacement or account refund processed,Complete,Rejected
688,22876,Product replacement or account refund processed,Complete,Rejected
689,43811,Product replacement or account refund processed,Complete,Rejected
690,80659,Product replacement or account refund processed,Complete,Rejected
691,65138,Product replacement or account refund processed,Complete,Rejected
692,96221,Product replacement or account refund processed,Complete,Rejected
693,92646,Product replacement or account refund processed,Complete,Rejected
694,76869,Product replacement or account refund processed,Complete,Rejected
695,67508,Product replacement or account refund processed,Complete,Rejected
696,13262,Product replacement or account refund processed,Complete,Rejected
697,46417,Product replacement or account refund processed,Complete,Rejected
698,58070,Product replacement or account refund processed,Complete,Rejected
699,73061,Product replacement or account refund processed,Complete,Rejected
700,62270,Product replacement or account refund processed,Complete,Rejected
701,35864,Product replacement or account refund processed,Complete,Rejected
702,43119,Product replacement or account refund processed,Complete,Rejected
703,77813,Product replacement or account refund processed,Complete,Rejected
704,74308,Product replacement or account refund processed,Complete,Rejected
705,50169,Product replacement or account refund processed,Complete,Rejected
706,74065,Product replacement or account refund processed,Complete,Rejected
707,73601,Product replacement or account refund processed,Complete,Rejected
708,9507,Product replacement or account refund processed,Complete,Rejected
709,3826,Product replacement or account refund processed,Complete,Rejected
710,77669,Product replacement or account refund processed,Complete,Rejected
711,16169,Product replacement or account refund processed,Complete,Rejected
712,74657,Product replacement or account refund processed,Complete,Rejected
713,79227,Product replacement or account refund processed,Complete,Rejected
714,85445,Product replacement or account refund processed,Complete,Rejected
715,96833,Product replacement or account refund processed,Complete,Rejected
716,26194,Product replacement or account refund processed,Complete,Rejected
717,17524,Product replacement or account refund processed,Complete,Rejected
718,49362,Product replacement or account refund processed,Complete,Rejected
719,13188,Product replacement or account refund processed,Complete,Rejected
720,88860,Product replacement or account refund processed,Complete,Rejected
721,44683,Product replacement or account refund processed,Complete,Rejected
722,93509,Product replacement or account refund processed,Complete,Rejected
723,44514,Product replacement or account refund processed,Complete,Rejected
724,24738,Product replacement or account refund processed,Complete,Rejected
725,10733,Product replacement or account refund processed,Complete,Rejected
726,70993,Product replacement or account refund processed,Complete,Rejected
727,4444,Product replacement or account refund processed,Complete,Rejected
728,68368,Product replacement or account refund processed,Complete,Rejected
729,28747,Product replacement or account refund processed,Complete,Rejected
730,65178,Product replacement or account refund processed,Complete,Rejected
731,33525,Product replacement or account refund processed,Complete,Rejected
732,7190,Product replacement or account refund processed,Complete,Rejected
733,44558,Product replacement or account refund processed,Complete,Rejected
734,13751,Product replacement or account refund processed,Complete,Rejected
735,17147,Product replacement or account refund processed,Complete,Rejected
736,24414,Product replacement or account refund processed,Complete,Rejected
737,16920,Product replacement or account refund processed,Complete,Rejected
738,47590,Product replacement or account refund processed,Complete,Rejected
739,58752,Product replacement or account refund processed,Complete,Rejected
740,47077,Product replacement or account refund processed,Complete,Rejected
741,44608,Product replacement or account refund processed,Complete,Rejected
742,52723,Product replacement or account refund processed,Complete,Rejected
743,3050,Product replacement or account refund processed,Complete,Rejected
744,48529,Product replacement or account refund processed,Complete,Rejected
745,15024,Product replacement or account refund processed,Complete,Rejected
746,8461,Product replacement or account refund processed,Complete,Rejected
747,11431,Product replacement or account refund processed,Complete,Rejected
748,64530,Product replacement or account refund processed,Complete,Rejected
749,29260,Product replacement or account refund processed,Complete,Rejected
750,96971,Product replacement or account refund processed,Complete,Rejected
751,73323,Product replacement or account refund processed,Complete,Rejected
752,69928,Product replacement or account refund processed,Complete,Rejected
753,28133,Product replacement or account refund processed,Complete,Rejected
754,30881,Product replacement or account refund processed,Complete,Rejected
755,51937,Product replacement or account refund processed,Complete,Rejected
756,34090,Product replacement or account refund processed,Complete,Rejected
757,53535,Product replacement or account refund processed,Complete,Rejected
758,20111,Product replacement or account refund processed,Complete,Rejected
759,27819,Product replacement or account refund processed,Complete,Rejected
760,35183,Product replacement or account refund processed,Complete,Rejected
761,99099,Product replacement or account refund processed,Complete,Rejected
762,41664,Product replacement or account refund processed,Complete,Rejected
763,94916,Product replacement or account refund processed,Complete,Rejected
764,26840,Product replacement or account refund processed,Complete,Rejected
765,25687,Product replacement or account refund processed,Complete,Rejected
766,55893,Product replacement or account refund processed,Complete,Rejected
767,79026,Product replacement or account refund processed,Complete,Rejected
768,29072,Product replacement or account refund processed,Complete,Rejected
769,7889,Product replacement or account refund processed,Complete,Rejected
770,62327,Product replacement or account refund processed,Complete,Rejected
771,41510,Product replacement or account refund processed,Complete,Rejected
772,68325,Product replacement or account refund processed,Complete,Rejected
773,41065,Product replacement or account refund processed,Complete,Rejected
774,97632,Product replacement or account refund processed,Complete,Rejected
775,71602,Product replacement or account refund processed,Complete,Rejected
776,30016,Product replacement or account refund processed,Complete,Rejected
777,61609,Product replacement or account refund processed,Complete,Rejected
778,27733,Product replacement or account refund processed,Complete,Rejected
779,15781,Product replacement or account refund processed,Complete,Rejected
780,80313,Product replacement or account refund processed,Complete,Rejected
781,19967,Product replacement or account refund processed,Complete,Rejected
782,40166,Product replacement or account refund processed,Complete,Rejected
783,31237,Product replacement or account refund processed,Complete,Rejected
784,62529,Product replacement or account refund processed,Complete,Rejected
785,98735,Product replacement or account refund processed,Complete,Rejected
786,68257,Product replacement or account refund processed,Complete,Rejected
787,22983,Product replacement or account refund processed,Complete,Rejected
788,75930,Product replacement or account refund processed,Complete,Rejected
789,86384,Product replacement or account refund processed,Complete,Rejected
790,71938,Product replacement or account refund processed,Complete,Rejected
791,29965,Product replacement or account refund processed,Complete,Rejected
792,16770,Product replacement or account refund processed,Complete,Rejected
793,20891,Product replacement or account refund processed,Complete,Rejected
794,15631,Product replacement or account refund processed,Complete,Rejected
795,71835,Product replacement or account refund processed,Complete,Rejected
796,31868,Product replacement or account refund processed,Complete,Rejected
797,81570,Product replacement or account refund processed,Complete,Rejected
798,59141,Product replacement or account refund processed,Complete,Rejected
799,5742,Product replacement or account refund processed,Complete,Rejected
800,10622,Product replacement or account refund processed,Complete,Rejected
801,9748,Product replacement or account refund processed,Complete,Rejected
802,52867,Product replacement or account refund processed,Complete,Rejected
803,13811,Product replacement or account refund processed,Complete,Rejected
804,12011,Product replacement or account refund processed,Complete,Rejected
805,88524,Product replacement or account refund processed,Complete,Rejected
806,71483,Product replacement or account refund processed,Complete,Rejected
807,23720,Product replacement or account refund processed,Complete,Rejected
808,72213,Product replacement or account refund processed,Complete,Rejected
809,89465,Product replacement or account refund processed,Complete,Rejected
810,58350,Product replacement or account refund processed,Complete,Rejected
811,26596,Product replacement or account refund processed,Complete,Rejected
812,82426,Product replacement or account refund processed,Complete,Rejected
813,94597,Product replacement or account refund processed,Complete,Rejected
814,11841,Product replacement or account refund processed,Complete,Rejected
815,95715,Product replacement or account refund processed,Complete,Rejected
816,75562,Product replacement or account refund processed,Complete,Rejected
817,61439,Product replacement or account refund processed,Complete,Rejected
818,61757,Product replacement or account refund processed,Complete,Rejected
819,23434,Product replacement or account refund processed,Complete,Rejected
820,65083,Product replacement or account refund processed,Complete,Rejected
821,31039,Product replacement or account refund processed,Complete,Rejected
822,31069,Product replacement or account refund processed,Complete,Rejected
823,77614,Product replacement or account refund processed,Complete,Rejected
824,84463,Product replacement or account refund processed,Complete,Rejected
825,12272,Product replacement or account refund processed,Complete,Rejected
826,33592,Product replacement or account refund processed,Complete,Rejected
827,73039,Product replacement or account refund processed,Complete,Rejected
828,67739,Product replacement or account refund processed,Complete,Rejected
829,27532,Product replacement or account refund processed,Complete,Rejected
830,57192,Product replacement or account refund processed,Complete,Rejected
831,59215,Product replacement or account refund processed,Complete,Rejected
832,79042,Product replacement or account refund processed,Complete,Rejected
833,38767,Product replacement or account refund processed,Complete,Rejected
834,44633,Product replacement or account refund processed,Complete,Rejected
835,73804,Product replacement or account refund processed,Complete,Rejected
836,98090,Product replacement or account refund processed,Complete,Rejected
837,66931,Product replacement or account refund processed,Complete,Rejected
838,16896,Product replacement or account refund processed,Complete,Rejected
839,85409,Product replacement or account refund processed,Complete,Rejected
840,41827,Product replacement or account refund processed,Complete,Rejected
841,70641,Product replacement or account refund processed,Complete,Rejected
842,89991,Product replacement or account refund processed,Complete,Rejected
843,83133,Product replacement or account refund processed,Complete,Rejected
844,9322,Product replacement or account refund processed,Complete,Rejected
845,20707,Product replacement or account refund processed,Complete,Rejected
846,41297,Product replacement or account refund processed,Complete,Rejected
847,39360,Product replacement or account refund processed,Complete,Rejected
848,22560,Product replacement or account refund processed,Complete,Rejected
849,96309,Product replacement or account refund processed,Complete,Rejected
850,82126,Product replacement or account refund processed,Complete,Rejected
851,8467,Product replacement or account refund processed,Complete,Rejected
852,75603,Product replacement or account refund processed,Complete,Rejected
853,20404,Product replacement or account refund processed,Complete,Rejected
854,51078,Product replacement or account refund processed,Complete,Rejected
855,40365,Product replacement or account refund processed,Complete,Rejected
856,96766,Product replacement or account refund processed,Complete,Rejected
857,63376,Product replacement or account refund processed,Complete,Rejected
858,21892,Product replacement or account refund processed,Complete,Rejected
859,48580,Product replacement or account refund processed,Complete,Rejected
860,23767,Product replacement or account refund processed,Complete,Rejected
861,37534,Product replacement or account refund processed,Complete,Rejected
862,12702,Product replacement or account refund processed,Complete,Rejected
863,685,Product replacement or account refund processed,Complete,Rejected
864,99812,Product replacement or account refund processed,Complete,Rejected
865,30789,Product replacement or account refund processed,Complete,Rejected
866,90952,Product replacement or account refund processed,Complete,Rejected
867,11316,Product replacement or account refund processed,Complete,Rejected
868,98582,Product replacement or account refund processed,Complete,Rejected
869,19126,Product replacement or account refund processed,Complete,Rejected
870,52905,Product replacement or account refund processed,Complete,Rejected
871,65586,Product replacement or account refund processed,Complete,Rejected
872,48998,Product replacement or account refund processed,Complete,Rejected
873,24663,Product replacement or account refund processed,Complete,Rejected
874,53698,Product replacement or account refund processed,Complete,Rejected
875,76207,Product replacement or account refund processed,Complete,Rejected
876,14966,Product replacement or account refund processed,Complete,Rejected
877,4875,Product replacement or account refund processed,Complete,Rejected
878,91977,Product replacement or account refund processed,Complete,Rejected
879,17878,Product replacement or account refund processed,Complete,Rejected
880,38666,Product replacement or account refund processed,Complete,Rejected
881,41130,Product replacement or account refund processed,Complete,Rejected
882,19152,Product replacement or account refund processed,Complete,Rejected
883,48443,Product replacement or account refund processed,Complete,Rejected
884,95004,Product replacement or account refund processed,Complete,Rejected
885,24592,Product replacement or account refund processed,Complete,Rejected
886,12685,Product replacement or account refund processed,Complete,Rejected
887,11034,Product replacement or account refund processed,Complete,Rejected
888,70475,Product replacement or account refund processed,Complete,Rejected
889,66782,Product replacement or account refund processed,Complete,Rejected
890,57901,Product replacement or account refund processed,Complete,Rejected
891,26970,Product replacement or account refund processed,Complete,Rejected
892,14947,Product replacement or account refund processed,Complete,Rejected
893,6481,Product replacement or account refund processed,Complete,Rejected
894,37144,Product replacement or account refund processed,Complete,Rejected
895,80022,Product replacement or account refund processed,Complete,Rejected
896,34136,Product replacement or account refund processed,Complete,Rejected
897,96771,Product replacement or account refund processed,Complete,Rejected
898,94490,Product replacement or account refund processed,Complete,Rejected
899,98033,Product replacement or account refund processed,Complete,Rejected
900,87600,Product replacement or account refund processed,Complete,Rejected
901,55913,Product replacement or account refund processed,Complete,Rejected
902,90481,Product replacement or account refund processed,Complete,Rejected
903,88394,Product replacement or account refund processed,Complete,Rejected
904,77532,Product replacement or account refund processed,Complete,Rejected
905,81005,Product replacement or account refund processed,Complete,Rejected
906,46339,Product replacement or account refund processed,Complete,Rejected
907,45237,Product replacement or account refund processed,Complete,Rejected
908,85591,Product replacement or account refund processed,Complete,Rejected
909,19509,Product replacement or account refund processed,Complete,Rejected
910,53000,Product replacement or account refund processed,Complete,Rejected
911,96159,Product replacement or account refund processed,Complete,Rejected
912,75619,Product replacement or account refund processed,Complete,Rejected
913,93610,Product replacement or account refund processed,Complete,Rejected
914,51989,Product replacement or account refund processed,Complete,Rejected
915,838,Product replacement or account refund processed,Complete,Rejected
916,86240,Product replacement or account refund processed,Complete,Rejected
917,72881,Product replacement or account refund processed,Complete,Rejected
918,38498,Product replacement or account refund processed,Complete,Rejected
919,45462,Product replacement or account refund processed,Complete,Rejected
920,6098,Product replacement or account refund processed,Complete,Rejected
921,79230,Product replacement or account refund processed,Complete,Rejected
922,49916,Product replacement or account refund processed,Complete,Rejected
923,4193,Product replacement or account refund processed,Complete,Rejected
924,70625,Product replacement or account refund processed,Complete,Rejected
925,59017,Product replacement or account refund processed,Complete,Rejected
926,83496,Product replacement or account refund processed,Complete,Rejected
927,19928,Product replacement or account refund processed,Complete,Rejected
928,19265,Product replacement or account refund processed,Complete,Rejected
929,30783,Product replacement or account refund processed,Complete,Rejected
930,9147,Product replacement or account refund processed,Complete,Rejected
931,21217,Product replacement or account refund processed,Complete,Rejected
932,94262,Product replacement or account refund processed,Complete,Rejected
933,46551,Product replacement or account refund processed,Complete,Rejected
934,79762,Product replacement or account refund processed,Complete,Rejected
935,7920,Product replacement or account refund processed,Complete,Rejected
936,43068,Product replacement or account refund processed,Complete,Rejected
937,32815,Product replacement or account refund processed,Complete,Rejected
938,69662,Product replacement or account refund processed,Complete,Rejected
939,47714,Product replacement or account refund processed,Complete,Rejected
940,72024,Product replacement or account refund processed,Complete,Rejected
941,80003,Product replacement or account refund processed,Complete,Rejected
942,52181,Product replacement or account refund processed,Complete,Rejected
943,28211,Product replacement or account refund processed,Complete,Rejected
944,42742,Product replacement or account refund processed,Complete,Rejected
945,28550,Product replacement or account refund processed,Complete,Rejected
946,8375,Product replacement or account refund processed,Complete,Rejected
947,14625,Product replacement or account refund processed,Complete,Rejected
948,12910,Product replacement or account refund processed,Complete,Rejected
949,12669,Product replacement or account refund processed,Complete,Rejected
950,9730,Product replacement or account refund processed,Complete,Rejected
951,38228,Product replacement or account refund processed,Complete,Rejected
952,78733,Product replacement or account refund processed,Complete,Rejected
953,21432,Product replacement or account refund processed,Complete,Rejected
954,83283,Product replacement or account refund processed,Complete,Rejected
955,40225,Product replacement or account refund processed,Complete,Rejected
956,6827,Product replacement or account refund processed,Complete,Rejected
957,27233,Product replacement or account refund processed,Complete,Rejected
958,46660,Product replacement or account refund processed,Complete,Rejected
959,3100,Product replacement or account refund processed,Complete,Rejected
960,87025,Product replacement or account refund processed,Complete,Rejected
961,6208,Product replacement or account refund processed,Complete,Rejected
962,41501,Product replacement or account refund processed,Complete,Rejected
963,5567,Product replacement or account refund processed,Complete,Rejected
964,3453,Product replacement or account refund processed,Complete,Rejected
965,43272,Product replacement or account refund processed,Complete,Rejected
966,21934,Product replacement or account refund processed,Complete,Rejected
967,59192,Product replacement or account refund processed,Complete,Rejected
968,36298,Product replacement or account refund processed,Complete,Rejected
969,18547,Product replacement or account refund processed,Complete,Rejected
970,13612,Product replacement or account refund processed,Complete,Rejected
971,38295,Product replacement or account refund processed,Complete,Rejected
972,56625,Product replacement or account refund processed,Complete,Rejected
973,50129,Product replacement or account refund processed,Complete,Rejected
974,46738,Product replacement or account refund processed,Complete,Rejected
975,48921,Product replacement or account refund processed,Complete,Rejected
976,62436,Product replacement or account refund processed,Complete,Rejected
977,89522,Product replacement or account refund processed,Complete,Rejected
978,94699,Product replacement or account refund processed,Complete,Rejected
979,86130,Product replacement or account refund processed,Complete,Rejected
980,34134,Product replacement or account refund processed,Complete,Rejected
981,49012,Product replacement or account refund processed,Complete,Rejected
982,64738,Product replacement or account refund processed,Complete,Rejected
983,10254,Product replacement or account refund processed,Complete,Rejected
984,20224,Product replacement or account refund processed,Complete,Rejected
985,14360,Product replacement or account refund processed,Complete,Rejected
986,78534,Product replacement or account refund processed,Complete,Rejected
987,17850,Product replacement or account refund processed,Complete,Rejected
988,17158,Product replacement or account refund processed,Complete,Rejected
989,11105,Product replacement or account refund processed,Complete,Rejected
990,89873,Product replacement or account refund processed,Complete,Rejected
991,55338,Product replacement or account refund processed,Complete,Rejected
992,13610,Product replacement or account refund processed,Complete,Rejected
993,96955,Product replacement or account refund processed,Complete,Rejected
994,24614,Product replacement or account refund processed,Complete,Rejected
995,72658,Product replacement or account refund processed,Complete,Rejected
996,98748,Product replacement or account refund processed,Complete,Rejected
997,82653,Product replacement or account refund processed,Complete,Rejected
998,3360,Product replacement or account refund processed,Complete,Rejected
999,19653,Product replacement or account refund processed,Complete,Rejected
